{...,
	"john.doe@exxeta.com":{
		"Python":{
			"bilateralLevel":1.5890358669363909,
			"originalLevel":0,
			"preference":true,
			"unilateralLevel":0.7945179334681954
		},
		...,
		"MySQL":{
			"bilateralLevel":0.9201573355787046,
			"originalLevel":2,
			"preference":false,
			"unilateralLevel":0.9201573355787046
		}
	},
... }